{"stats":{"minecraft:crafted":{"minecraft:oak_planks":12,"minecraft:crafting_table":1,"minecraft:stick":4,"minecraft:wooden_pickaxe":1,"minecraft:stone_pickaxe":1,"minecraft:furnace":1,"minecraft:white_bed":1,"minecraft:stone_axe":1},"minecraft:mined":{"minecraft:dandelion":2,"minecraft:cornflower":1,"minecraft:azure_bluet":1,"minecraft:crafting_table":2,"minecraft:short_grass":25,"minecraft:grass_block":3,"minecraft:oak_log":15,"minecraft:poppy":1,"minecraft:dirt":12,"minecraft:tall_grass":3,"minecraft:stone":67,"minecraft:sugar_cane":6,"minecraft:oak_leaves":4},"minecraft:picked_up":{"minecraft:stick":2,"minecraft:crafting_table":2,"minecraft:azure_bluet":1,"minecraft:dandelion":2,"minecraft:oak_log":15,"minecraft:cornflower":1,"minecraft:dirt":15,"minecraft:wheat_seeds":4,"minecraft:poppy":1,"minecraft:oak_sapling":1,"minecraft:sugar_cane":8,"minecraft:mutton":5,"minecraft:white_wool":3,"minecraft:cobblestone":67},"minecraft:killed":{"minecraft:sheep":3},"minecraft:used":{"minecraft:stone_pickaxe":56,"minecraft:wooden_pickaxe":18,"minecraft:stone_axe":10,"minecraft:crafting_table":3,"minecraft:furnace":1,"minecraft:white_bed":1},"minecraft:custom":{"minecraft:time_since_rest":4873,"minecraft:interact_with_furnace":1,"minecraft:sprint_one_cm":46831,"minecraft:damage_taken":40,"minecraft:walk_one_cm":21790,"minecraft:mob_kills":3,"minecraft:damage_dealt":240,"minecraft:swim_one_cm":1684,"minecraft:interact_with_crafting_table":5,"minecraft:fly_one_cm":21436,"minecraft:crouch_one_cm":80,"minecraft:play_time":19806,"minecraft:sneak_time":423,"minecraft:walk_under_water_one_cm":1441,"minecraft:jump":160,"minecraft:time_since_death":19806,"minecraft:leave_game":3,"minecraft:walk_on_water_one_cm":8149,"minecraft:sleep_in_bed":1,"minecraft:total_world_time":19806,"minecraft:fall_one_cm":3760}},"DataVersion":3953}