{"stats":{"minecraft:crafted":{"minecraft:oak_planks":28,"minecraft:stone_shovel":1,"minecraft:crafting_table":1,"minecraft:wooden_pickaxe":1,"minecraft:furnace":1,"minecraft:copper_ingot":24,"minecraft:bucket":1,"minecraft:stone_axe":1,"minecraft:cooked_mutton":5,"minecraft:charcoal":3,"minecraft:stick":8,"minecraft:iron_ingot":4,"minecraft:stone_pickaxe":1,"minecraft:chest":1,"minecraft:white_bed":1,"minecraft:torch":4,"minecraft:stone_hoe":1},"minecraft:mined":{"minecraft:dandelion":2,"minecraft:crafting_table":2,"minecraft:cornflower":1,"minecraft:granite":1,"minecraft:short_grass":52,"minecraft:grass_block":64,"minecraft:poppy":1,"minecraft:tall_grass":3,"minecraft:copper_ore":11,"minecraft:sugar_cane":6,"minecraft:birch_log":7,"minecraft:iron_ore":5,"minecraft:azure_bluet":1,"minecraft:oak_log":41,"minecraft:coal_ore":5,"minecraft:gravel":2,"minecraft:dirt":22,"minecraft:stone":71,"minecraft:oak_leaves":9},"minecraft:picked_up":{"minecraft:birch_log":7,"minecraft:crafting_table":2,"minecraft:azure_bluet":1,"minecraft:water_bucket":1,"minecraft:wooden_pickaxe":1,"minecraft:oak_log":59,"minecraft:cornflower":1,"minecraft:dirt":86,"minecraft:raw_copper":32,"minecraft:cooked_mutton":1,"minecraft:wheat_seeds":13,"minecraft:written_book":1,"minecraft:poppy":1,"minecraft:sugar_cane":8,"minecraft:stone_hoe":1,"minecraft:stick":12,"minecraft:raw_iron":5,"minecraft:torch":4,"minecraft:dandelion":2,"minecraft:gravel":1,"minecraft:stone_shovel":1,"minecraft:granite":1,"minecraft:oak_sapling":6,"minecraft:mutton":5,"minecraft:coal":4,"minecraft:white_wool":3,"minecraft:cobblestone":71,"minecraft:ender_pearl":1},"minecraft:killed":{"minecraft:squid":1,"minecraft:sheep":3,"minecraft:enderman":1},"minecraft:used":{"minecraft:wheat_seeds":7,"minecraft:cooked_mutton":4,"minecraft:water_bucket":5,"minecraft:stone_shovel":64,"minecraft:stone_pickaxe":84,"minecraft:chest":1,"minecraft:wooden_pickaxe":18,"minecraft:stone_hoe":93,"minecraft:torch":4,"minecraft:dirt":11,"minecraft:crafting_table":3,"minecraft:white_bed":1,"minecraft:oak_log":13,"minecraft:stone_axe":81,"minecraft:cobblestone":54,"minecraft:written_book":1,"minecraft:furnace":1,"minecraft:bucket":6},"minecraft:killed_by":{"minecraft:enderman":1},"minecraft:custom":{"minecraft:interact_with_furnace":13,"minecraft:mob_kills":5,"minecraft:interact_with_crafting_table":19,"minecraft:leave_game":3,"minecraft:time_since_death":1957,"minecraft:sleep_in_bed":3,"minecraft:time_since_rest":2008,"minecraft:sprint_one_cm":105651,"minecraft:damage_taken":401,"minecraft:walk_one_cm":67284,"minecraft:damage_dealt":1118,"minecraft:swim_one_cm":11002,"minecraft:fly_one_cm":50876,"minecraft:open_chest":14,"minecraft:crouch_one_cm":1775,"minecraft:play_time":43806,"minecraft:deaths":1,"minecraft:sneak_time":938,"minecraft:walk_under_water_one_cm":8016,"minecraft:jump":336,"minecraft:walk_on_water_one_cm":22481,"minecraft:total_world_time":43806,"minecraft:fall_one_cm":7306}},"DataVersion":3953}