{"stats":{"minecraft:mined":{"minecraft:birch_log":3,"minecraft:birch_leaves":1,"minecraft:dandelion":7,"minecraft:cornflower":2,"minecraft:azure_bluet":2,"minecraft:short_grass":43,"minecraft:grass_block":2,"minecraft:oak_log":33,"minecraft:dirt":5,"minecraft:tall_grass":9,"minecraft:stone":12,"minecraft:oxeye_daisy":1,"minecraft:oak_leaves":11},"minecraft:custom":{"minecraft:time_since_rest":9605,"minecraft:interact_with_furnace":7,"minecraft:sprint_one_cm":51426,"minecraft:damage_taken":159,"minecraft:walk_one_cm":83731,"minecraft:trigger_trapped_chest":3,"minecraft:mob_kills":7,"minecraft:drop":2,"minecraft:damage_dealt":533,"minecraft:interact_with_crafting_table":3,"minecraft:swim_one_cm":325,"minecraft:fly_one_cm":2695,"minecraft:open_chest":2,"minecraft:play_time":26253,"minecraft:sneak_time":52,"minecraft:walk_under_water_one_cm":307,"minecraft:jump":129,"minecraft:time_since_death":26253,"minecraft:leave_game":4,"minecraft:walk_on_water_one_cm":352,"minecraft:sleep_in_bed":1,"minecraft:total_world_time":26253,"minecraft:fall_one_cm":1620},"minecraft:crafted":{"minecraft:oak_planks":32,"minecraft:cooked_porkchop":3,"minecraft:charcoal":4,"minecraft:yellow_dye":1,"minecraft:stick":16,"minecraft:wooden_pickaxe":1,"minecraft:cooked_chicken":2,"minecraft:stone_pickaxe":1,"minecraft:stone_sword":1,"minecraft:copper_ingot":8,"minecraft:stone_axe":1,"minecraft:cooked_mutton":2},"minecraft:killed":{"minecraft:sheep":1,"minecraft:skeleton":1,"minecraft:pig":2,"minecraft:chicken":3},"minecraft:dropped":{"minecraft:dirt":1,"minecraft:copper_ingot":7},"minecraft:picked_up":{"minecraft:azure_bluet":2,"minecraft:birch_log":3,"minecraft:stick":1,"minecraft:feather":3,"minecraft:chicken":3,"minecraft:copper_ingot":7,"minecraft:torch":1,"minecraft:dandelion":7,"minecraft:porkchop":3,"minecraft:oak_log":33,"minecraft:cornflower":2,"minecraft:dirt":8,"minecraft:wheat_seeds":11,"minecraft:gray_wool":1,"minecraft:oak_sapling":5,"minecraft:mutton":2,"minecraft:cobblestone":12,"minecraft:oxeye_daisy":1},"minecraft:used":{"minecraft:wheat_seeds":5,"minecraft:cooked_mutton":2,"minecraft:stone_sword":14,"minecraft:wooden_pickaxe":12,"minecraft:stone_axe":40,"minecraft:dirt":3,"minecraft:oak_sapling":5}},"DataVersion":3953}