{"stats":{"minecraft:crafted":{"minecraft:birch_planks":8,"minecraft:yellow_dye":4,"minecraft:stick":4,"minecraft:wooden_pickaxe":1},"minecraft:mined":{"minecraft:short_grass":18,"minecraft:gravel":1,"minecraft:birch_log":2,"minecraft:tall_grass":3,"minecraft:stone":6,"minecraft:dandelion":13},"minecraft:picked_up":{"minecraft:birch_log":2,"minecraft:wheat_seeds":1,"minecraft:dandelion":13,"minecraft:gravel":1,"minecraft:mutton":2,"minecraft:white_wool":1,"minecraft:cobblestone":6,"minecraft:egg":1},"minecraft:killed":{"minecraft:sheep":1},"minecraft:used":{"minecraft:wooden_pickaxe":6,"minecraft:dandelion":3},"minecraft:custom":{"minecraft:time_since_rest":4620,"minecraft:open_chest":1,"minecraft:play_time":6000,"minecraft:sprint_one_cm":41486,"minecraft:damage_taken":160,"minecraft:walk_one_cm":8647,"minecraft:trigger_trapped_chest":1,"minecraft:walk_under_water_one_cm":1711,"minecraft:mob_kills":1,"minecraft:jump":76,"minecraft:damage_dealt":116,"minecraft:time_since_death":6000,"minecraft:walk_on_water_one_cm":6947,"minecraft:total_world_time":6000,"minecraft:swim_one_cm":2529,"minecraft:interact_with_crafting_table":1,"minecraft:fall_one_cm":2570,"minecraft:fly_one_cm":11064}},"DataVersion":3953}