{"stats":{"minecraft:mined":{"minecraft:short_grass":1,"minecraft:grass_block":2,"minecraft:oak_log":8,"minecraft:dirt":5,"minecraft:stone":12,"minecraft:oak_leaves":2},"minecraft:custom":{"minecraft:time_since_rest":14253,"minecraft:play_time":14253,"minecraft:sprint_one_cm":11404,"minecraft:damage_taken":149,"minecraft:walk_one_cm":42009,"minecraft:sneak_time":52,"minecraft:trigger_trapped_chest":3,"minecraft:mob_kills":2,"minecraft:drop":1,"minecraft:jump":76,"minecraft:damage_dealt":233,"minecraft:leave_game":4,"minecraft:time_since_death":14253,"minecraft:total_world_time":14253,"minecraft:interact_with_crafting_table":2,"minecraft:fall_one_cm":1285,"minecraft:fly_one_cm":1387},"minecraft:crafted":{"minecraft:stone_sword":1,"minecraft:oak_planks":32,"minecraft:stone_axe":1,"minecraft:stick":16,"minecraft:stone_pickaxe":1,"minecraft:wooden_pickaxe":1},"minecraft:killed":{"minecraft:skeleton":1,"minecraft:pig":1},"minecraft:picked_up":{"minecraft:torch":1,"minecraft:porkchop":3,"minecraft:oak_log":8,"minecraft:dirt":8,"minecraft:cobblestone":12},"minecraft:dropped":{"minecraft:dirt":1},"minecraft:used":{"minecraft:stone_sword":2,"minecraft:dirt":3,"minecraft:wooden_pickaxe":12}},"DataVersion":3953}