{"stats":{"minecraft:crafted":{"minecraft:oak_planks":28,"minecraft:stone_shovel":1,"minecraft:charcoal":3,"minecraft:crafting_table":1,"minecraft:stick":8,"minecraft:iron_ingot":4,"minecraft:wooden_pickaxe":1,"minecraft:stone_pickaxe":1,"minecraft:chest":1,"minecraft:furnace":1,"minecraft:white_bed":1,"minecraft:copper_ingot":24,"minecraft:bucket":1,"minecraft:torch":4,"minecraft:stone_hoe":1,"minecraft:stone_axe":1,"minecraft:cooked_mutton":5},"minecraft:mined":{"minecraft:birch_log":7,"minecraft:iron_ore":4,"minecraft:dandelion":2,"minecraft:cornflower":1,"minecraft:azure_bluet":1,"minecraft:crafting_table":2,"minecraft:short_grass":48,"minecraft:coal_ore":5,"minecraft:grass_block":51,"minecraft:oak_log":41,"minecraft:poppy":1,"minecraft:gravel":1,"minecraft:dirt":13,"minecraft:copper_ore":11,"minecraft:tall_grass":3,"minecraft:stone":71,"minecraft:sugar_cane":6,"minecraft:oak_leaves":9},"minecraft:picked_up":{"minecraft:birch_log":7,"minecraft:raw_iron":4,"minecraft:stick":8,"minecraft:crafting_table":2,"minecraft:azure_bluet":1,"minecraft:dandelion":2,"minecraft:oak_log":41,"minecraft:cornflower":1,"minecraft:dirt":64,"minecraft:raw_copper":32,"minecraft:wheat_seeds":9,"minecraft:poppy":1,"minecraft:oak_sapling":6,"minecraft:coal":4,"minecraft:sugar_cane":8,"minecraft:mutton":5,"minecraft:white_wool":3,"minecraft:cobblestone":71,"minecraft:ender_pearl":1},"minecraft:killed":{"minecraft:sheep":3,"minecraft:squid":1,"minecraft:enderman":1},"minecraft:used":{"minecraft:wheat_seeds":7,"minecraft:cooked_mutton":4,"minecraft:water_bucket":4,"minecraft:stone_shovel":42,"minecraft:stone_pickaxe":80,"minecraft:chest":1,"minecraft:wooden_pickaxe":18,"minecraft:stone_hoe":93,"minecraft:stone_axe":68,"minecraft:dirt":1,"minecraft:cobblestone":4,"minecraft:crafting_table":3,"minecraft:furnace":1,"minecraft:bucket":5,"minecraft:white_bed":1,"minecraft:oak_log":7},"minecraft:custom":{"minecraft:time_since_rest":10101,"minecraft:interact_with_furnace":13,"minecraft:sprint_one_cm":84590,"minecraft:damage_taken":176,"minecraft:walk_one_cm":56607,"minecraft:mob_kills":5,"minecraft:damage_dealt":841,"minecraft:swim_one_cm":9941,"minecraft:interact_with_crafting_table":19,"minecraft:fly_one_cm":40916,"minecraft:open_chest":12,"minecraft:crouch_one_cm":383,"minecraft:play_time":37806,"minecraft:sneak_time":615,"minecraft:walk_under_water_one_cm":7340,"minecraft:jump":279,"minecraft:time_since_death":37806,"minecraft:leave_game":3,"minecraft:walk_on_water_one_cm":21243,"minecraft:sleep_in_bed":2,"minecraft:total_world_time":37806,"minecraft:fall_one_cm":6350}},"DataVersion":3953}