{"stats":{"minecraft:crafted":{"minecraft:yellow_dye":4,"minecraft:stick":4,"minecraft:wooden_pickaxe":1,"minecraft:stone_pickaxe":1,"minecraft:birch_planks":8},"minecraft:mined":{"minecraft:birch_log":2,"minecraft:dandelion":13,"minecraft:short_grass":18,"minecraft:coal_ore":1,"minecraft:gravel":1,"minecraft:tall_grass":3,"minecraft:stone":6},"minecraft:picked_up":{"minecraft:birch_log":2,"minecraft:yellow_dye":4,"minecraft:dandelion":19,"minecraft:wooden_pickaxe":1,"minecraft:gravel":2,"minecraft:birch_planks":3,"minecraft:wheat_seeds":2,"minecraft:stone_pickaxe":1,"minecraft:written_book":1,"minecraft:mutton":2,"minecraft:coal":1,"minecraft:white_wool":2,"minecraft:cobblestone":9,"minecraft:egg":2},"minecraft:killed":{"minecraft:sheep":1},"minecraft:used":{"minecraft:stone_pickaxe":1,"minecraft:wooden_pickaxe":6,"minecraft:mutton":2,"minecraft:egg":1,"minecraft:dandelion":3},"minecraft:killed_by":{"minecraft:zombie":1},"minecraft:custom":{"minecraft:time_since_rest":1013,"minecraft:sprint_one_cm":70179,"minecraft:damage_taken":550,"minecraft:walk_one_cm":31096,"minecraft:trigger_trapped_chest":1,"minecraft:mob_kills":1,"minecraft:damage_dealt":116,"minecraft:interact_with_crafting_table":2,"minecraft:swim_one_cm":24674,"minecraft:fly_one_cm":19268,"minecraft:open_chest":1,"minecraft:crouch_one_cm":59,"minecraft:play_time":18000,"minecraft:deaths":2,"minecraft:sneak_time":264,"minecraft:walk_under_water_one_cm":33275,"minecraft:jump":239,"minecraft:walk_on_water_one_cm":20245,"minecraft:time_since_death":968,"minecraft:total_world_time":18000,"minecraft:fall_one_cm":8525}},"DataVersion":3953}