{"stats":{"minecraft:dropped":{"minecraft:dirt":1},"minecraft:custom":{"minecraft:jump":27,"minecraft:time_since_rest":8256,"minecraft:damage_dealt":133,"minecraft:play_time":8256,"minecraft:leave_game":4,"minecraft:sprint_one_cm":4928,"minecraft:damage_taken":149,"minecraft:time_since_death":8256,"minecraft:walk_one_cm":17080,"minecraft:trigger_trapped_chest":2,"minecraft:total_world_time":8256,"minecraft:mob_kills":1,"minecraft:drop":1,"minecraft:fly_one_cm":877},"minecraft:used":{"minecraft:dirt":3},"minecraft:picked_up":{"minecraft:dirt":7},"minecraft:killed":{"minecraft:skeleton":1},"minecraft:mined":{"minecraft:short_grass":1,"minecraft:grass_block":1,"minecraft:dirt":5}},"DataVersion":3953}