{"stats":{"minecraft:dropped":{"minecraft:wheat_seeds":3,"minecraft:torch":2,"minecraft:iron_axe":1,"minecraft:written_book":2,"minecraft:recovery_compass":1},"minecraft:killed_by":{"minecraft:skeleton":1,"minecraft:zombie":2,"minecraft:enderman":1},"minecraft:custom":{"minecraft:time_since_rest":1038,"minecraft:interact_with_furnace":5,"minecraft:sprint_one_cm":30423,"minecraft:damage_taken":2142,"minecraft:walk_one_cm":312627,"minecraft:trigger_trapped_chest":3,"minecraft:mob_kills":10,"minecraft:drop":9,"minecraft:damage_dealt":2343,"minecraft:fly_one_cm":13011,"minecraft:crouch_one_cm":1925,"minecraft:play_time":69992,"minecraft:deaths":7,"minecraft:sneak_time":1349,"minecraft:jump":538,"minecraft:leave_game":9,"minecraft:time_since_death":1007,"minecraft:total_world_time":69992,"minecraft:fall_one_cm":11207},"minecraft:used":{"minecraft:oak_log":5,"minecraft:sea_lantern":2,"minecraft:apple":5,"minecraft:coal_ore":15,"minecraft:grass_block":7,"minecraft:iron_axe":17,"minecraft:iron_pickaxe":100,"minecraft:stone":58,"minecraft:iron_sword":94,"minecraft:torch":74,"minecraft:dirt":162,"minecraft:cobblestone":12,"minecraft:furnace":1,"minecraft:trapped_chest":2},"minecraft:picked_up":{"minecraft:torch":28,"minecraft:porkchop":4,"minecraft:oak_log":4,"minecraft:gunpowder":2,"minecraft:trapped_chest":2,"minecraft:dirt":89,"minecraft:iron_axe":2,"minecraft:arrow":3,"minecraft:bone":6,"minecraft:rotten_flesh":3,"minecraft:apple":31,"minecraft:wheat_seeds":8,"minecraft:written_book":2,"minecraft:iron_pickaxe":2,"minecraft:coal":39,"minecraft:iron_sword":2,"minecraft:oak_planks":14,"minecraft:cobblestone":51,"minecraft:furnace":1},"minecraft:crafted":{"minecraft:oak_planks":20},"minecraft:killed":{"minecraft:skeleton":4,"minecraft:zombie":4,"minecraft:pig":1,"minecraft:creeper":1},"minecraft:mined":{"minecraft:torch":17,"minecraft:short_grass":40,"minecraft:coal_ore":39,"minecraft:grass_block":25,"minecraft:oak_log":4,"minecraft:dirt":5,"minecraft:tall_grass":6,"minecraft:stone":38,"minecraft:wall_torch":5}},"DataVersion":3953}