{"stats":{"minecraft:crafted":{"minecraft:oak_planks":20,"minecraft:crafting_table":1},"minecraft:mined":{"minecraft:torch":18,"minecraft:short_grass":43,"minecraft:coal_ore":48,"minecraft:grass_block":26,"minecraft:oak_log":4,"minecraft:dirt":15,"minecraft:tall_grass":6,"minecraft:stone":165,"minecraft:wall_torch":7},"minecraft:picked_up":{"minecraft:torch":35,"minecraft:porkchop":4,"minecraft:oak_log":4,"minecraft:gunpowder":2,"minecraft:trapped_chest":2,"minecraft:dirt":99,"minecraft:iron_axe":2,"minecraft:arrow":3,"minecraft:bone":6,"minecraft:rotten_flesh":3,"minecraft:apple":31,"minecraft:wheat_seeds":8,"minecraft:gray_wool":1,"minecraft:written_book":2,"minecraft:iron_pickaxe":2,"minecraft:mutton":1,"minecraft:coal":48,"minecraft:iron_sword":2,"minecraft:oak_planks":14,"minecraft:cobblestone":175,"minecraft:furnace":1},"minecraft:dropped":{"minecraft:wheat_seeds":3,"minecraft:torch":2,"minecraft:iron_axe":1,"minecraft:written_book":2,"minecraft:recovery_compass":1},"minecraft:killed":{"minecraft:sheep":1,"minecraft:skeleton":4,"minecraft:zombie":4,"minecraft:pig":1,"minecraft:creeper":1},"minecraft:used":{"minecraft:oak_log":5,"minecraft:sea_lantern":2,"minecraft:apple":5,"minecraft:coal_ore":15,"minecraft:grass_block":7,"minecraft:iron_axe":17,"minecraft:iron_pickaxe":249,"minecraft:stone":58,"minecraft:iron_sword":104,"minecraft:torch":89,"minecraft:dirt":162,"minecraft:cobblestone":12,"minecraft:crafting_table":1,"minecraft:furnace":1,"minecraft:trapped_chest":2},"minecraft:killed_by":{"minecraft:skeleton":1,"minecraft:zombie":2,"minecraft:enderman":1},"minecraft:custom":{"minecraft:time_since_rest":9582,"minecraft:interact_with_furnace":5,"minecraft:sprint_one_cm":40726,"minecraft:damage_taken":2152,"minecraft:walk_one_cm":359497,"minecraft:trigger_trapped_chest":4,"minecraft:mob_kills":11,"minecraft:drop":9,"minecraft:damage_dealt":2512,"minecraft:interact_with_crafting_table":1,"minecraft:fly_one_cm":13615,"minecraft:crouch_one_cm":2134,"minecraft:play_time":88151,"minecraft:deaths":7,"minecraft:sneak_time":1582,"minecraft:jump":661,"minecraft:leave_game":11,"minecraft:time_since_death":19166,"minecraft:total_world_time":88151,"minecraft:fall_one_cm":11542}},"DataVersion":3953}