{"stats":{"minecraft:mined":{"minecraft:torch":16,"minecraft:short_grass":23,"minecraft:coal_ore":15,"minecraft:oak_log":4,"minecraft:grass_block":22,"minecraft:dirt":3,"minecraft:tall_grass":3,"minecraft:stone":9,"minecraft:wall_torch":5},"minecraft:custom":{"minecraft:time_since_rest":22651,"minecraft:interact_with_furnace":5,"minecraft:sprint_one_cm":8647,"minecraft:damage_taken":1062,"minecraft:walk_one_cm":152782,"minecraft:trigger_trapped_chest":2,"minecraft:mob_kills":3,"minecraft:drop":3,"minecraft:damage_dealt":813,"minecraft:fly_one_cm":2398,"minecraft:crouch_one_cm":1785,"minecraft:play_time":40321,"minecraft:deaths":3,"minecraft:sneak_time":1066,"minecraft:jump":195,"minecraft:leave_game":3,"minecraft:time_since_death":22623,"minecraft:total_world_time":40321,"minecraft:fall_one_cm":2373},"minecraft:crafted":{"minecraft:oak_planks":20},"minecraft:killed_by":{"minecraft:skeleton":1,"minecraft:zombie":2},"minecraft:picked_up":{"minecraft:torch":25,"minecraft:oak_log":4,"minecraft:trapped_chest":2,"minecraft:dirt":35,"minecraft:iron_axe":1,"minecraft:arrow":1,"minecraft:bone":1,"minecraft:rotten_flesh":2,"minecraft:apple":22,"minecraft:wheat_seeds":4,"minecraft:iron_pickaxe":1,"minecraft:iron_sword":1,"minecraft:coal":15,"minecraft:cobblestone":11,"minecraft:furnace":1},"minecraft:used":{"minecraft:oak_log":5,"minecraft:apple":3,"minecraft:coal_ore":15,"minecraft:iron_axe":4,"minecraft:iron_pickaxe":45,"minecraft:stone":8,"minecraft:iron_sword":26,"minecraft:torch":68,"minecraft:dirt":140,"minecraft:furnace":1,"minecraft:trapped_chest":2},"minecraft:dropped":{"minecraft:torch":2,"minecraft:iron_axe":1},"minecraft:killed":{"minecraft:skeleton":1,"minecraft:zombie":2}},"DataVersion":3953}