{"stats":{"minecraft:mined":{"minecraft:short_grass":23,"minecraft:grass_block":22,"minecraft:dirt":3,"minecraft:tall_grass":3},"minecraft:custom":{"minecraft:trigger_trapped_chest":1,"minecraft:time_since_rest":4028,"minecraft:interact_with_furnace":1,"minecraft:crouch_one_cm":1110,"minecraft:play_time":21698,"minecraft:sprint_one_cm":8647,"minecraft:walk_one_cm":55804,"minecraft:damage_taken":1020,"minecraft:deaths":3,"minecraft:sneak_time":770,"minecraft:mob_kills":3,"minecraft:drop":1,"minecraft:jump":92,"minecraft:damage_dealt":767,"minecraft:leave_game":1,"minecraft:time_since_death":4000,"minecraft:total_world_time":21698,"minecraft:fall_one_cm":1417,"minecraft:fly_one_cm":2276},"minecraft:killed_by":{"minecraft:skeleton":1,"minecraft:zombie":2},"minecraft:picked_up":{"minecraft:iron_axe":1,"minecraft:bone":1,"minecraft:arrow":1,"minecraft:apple":22,"minecraft:wheat_seeds":4,"minecraft:iron_pickaxe":1,"minecraft:iron_sword":1,"minecraft:trapped_chest":1,"minecraft:dirt":35,"minecraft:rotten_flesh":2,"minecraft:furnace":1},"minecraft:used":{"minecraft:apple":1,"minecraft:dirt":3,"minecraft:furnace":1,"minecraft:trapped_chest":1,"minecraft:iron_sword":25},"minecraft:dropped":{"minecraft:iron_axe":1},"minecraft:killed":{"minecraft:skeleton":1,"minecraft:zombie":2}},"DataVersion":3953}