{"stats":{"minecraft:picked_up":{"minecraft:torch":28,"minecraft:porkchop":4,"minecraft:oak_log":4,"minecraft:gunpowder":2,"minecraft:trapped_chest":2,"minecraft:dirt":89,"minecraft:iron_axe":2,"minecraft:arrow":3,"minecraft:bone":6,"minecraft:rotten_flesh":3,"minecraft:apple":31,"minecraft:wheat_seeds":8,"minecraft:written_book":2,"minecraft:iron_pickaxe":2,"minecraft:coal":15,"minecraft:iron_sword":2,"minecraft:oak_planks":14,"minecraft:cobblestone":39,"minecraft:furnace":1},"minecraft:crafted":{"minecraft:oak_planks":20},"minecraft:killed":{"minecraft:skeleton":4,"minecraft:zombie":3,"minecraft:pig":1,"minecraft:creeper":1},"minecraft:used":{"minecraft:oak_log":5,"minecraft:sea_lantern":2,"minecraft:apple":5,"minecraft:coal_ore":15,"minecraft:grass_block":7,"minecraft:iron_axe":17,"minecraft:iron_pickaxe":64,"minecraft:stone":58,"minecraft:iron_sword":81,"minecraft:torch":73,"minecraft:dirt":162,"minecraft:cobblestone":6,"minecraft:furnace":1,"minecraft:trapped_chest":2},"minecraft:mined":{"minecraft:torch":17,"minecraft:short_grass":39,"minecraft:coal_ore":15,"minecraft:grass_block":25,"minecraft:oak_log":4,"minecraft:dirt":5,"minecraft:tall_grass":6,"minecraft:stone":26,"minecraft:wall_torch":5},"minecraft:killed_by":{"minecraft:skeleton":1,"minecraft:zombie":2,"minecraft:enderman":1},"minecraft:dropped":{"minecraft:wheat_seeds":3,"minecraft:torch":2,"minecraft:iron_axe":1,"minecraft:written_book":2,"minecraft:recovery_compass":1},"minecraft:custom":{"minecraft:time_since_rest":1360,"minecraft:interact_with_furnace":5,"minecraft:sprint_one_cm":30423,"minecraft:damage_taken":1942,"minecraft:walk_one_cm":288494,"minecraft:trigger_trapped_chest":3,"minecraft:mob_kills":9,"minecraft:drop":9,"minecraft:damage_dealt":2099,"minecraft:fly_one_cm":12392,"minecraft:crouch_one_cm":1925,"minecraft:play_time":64052,"minecraft:deaths":6,"minecraft:sneak_time":1129,"minecraft:jump":475,"minecraft:leave_game":9,"minecraft:time_since_death":1335,"minecraft:total_world_time":64052,"minecraft:fall_one_cm":10427}},"DataVersion":3953}